<?xml version="1.0" ?><sparql xmlns="http://www.w3.org/2005/sparql-results#" xmlns:xsi="http://www.w3.org/2001/XMLSchema-instance" xsi:schemaLocation="http://www.w3.org/2001/sw/DataAccess/rf1/result2.xsd">
 <head>
  <variable name="label"/>
 </head>
 <results distinct="false" ordered="true">
  <result>
   <binding name="label"><literal xml:lang="ca">Astúries</literal></binding>
  </result>
  <result>
   <binding name="label"><literal xml:lang="cs">Asturie</literal></binding>
  </result>
  <result>
   <binding name="label"><literal xml:lang="de">Asturien</literal></binding>
  </result>
  <result>
   <binding name="label"><literal xml:lang="en">Asturias</literal></binding>
  </result>
  <result>
   <binding name="label"><literal xml:lang="es">Principado de Asturias</literal></binding>
  </result>
  <result>
   <binding name="label"><literal xml:lang="fi">Asturia</literal></binding>
  </result>
  <result>
   <binding name="label"><literal xml:lang="fr">Asturies</literal></binding>
  </result>
  <result>
   <binding name="label"><literal xml:lang="hu">Asztúria</literal></binding>
  </result>
  <result>
   <binding name="label"><literal xml:lang="it">Asturie</literal></binding>
  </result>
  <result>
   <binding name="label"><literal xml:lang="ja">アストゥリアス州</literal></binding>
  </result>
  <result>
   <binding name="label"><literal xml:lang="ko">아스투리아스 지방</literal></binding>
  </result>
  <result>
   <binding name="label"><literal xml:lang="nl">Asturië (regio)</literal></binding>
  </result>
  <result>
   <binding name="label"><literal xml:lang="no">Asturias</literal></binding>
  </result>
  <result>
   <binding name="label"><literal xml:lang="pl">Asturia</literal></binding>
  </result>
  <result>
   <binding name="label"><literal xml:lang="pt">Astúrias</literal></binding>
  </result>
  <result>
   <binding name="label"><literal xml:lang="ru">Астурия</literal></binding>
  </result>
  <result>
   <binding name="label"><literal xml:lang="sv">Asturien</literal></binding>
  </result>
  <result>
   <binding name="label"><literal xml:lang="uk">Астурія</literal></binding>
  </result>
  <result>
   <binding name="label"><literal xml:lang="vi">Asturias</literal></binding>
  </result>
  <result>
   <binding name="label"><literal xml:lang="zh">阿斯图里亚斯</literal></binding>
  </result>
 </results>
</sparql> 
